mysql> SELECT salary FROM employee_payroll WHERE name = 'Meera';
+----------+
| salary   |
+----------+
| 10000000 |
+----------+
1 row in set (0.00 sec)

mysql> SELECT * FROM employee_payroll
    -> WHERE start BETWEEN CAST('2022-05-23' AS DATE) AND DATE(NOW());
+----+-------+----------+------------+
| id | name  | salary   | start      |
+----+-------+----------+------------+
|  2 | Meera | 10000000 | 2022-05-23 |
+----+-------+----------+------------+
1 row in set (0.00 sec)
re
